<!--<?xml version='1.0' encoding='utf-8'?>-->
<!--<odoo>-->
<!--  <data>-->
<!--    <record id="sequence_stock_picking" model="ir.sequence">-->
<!--            <field name="name">sequence_stock_picking</field>-->
<!--            <field name="code">stock.move.out.2</field>-->
<!--            <field name="prefix">PX/%(year)s/%(month)s/hihi/</field>-->
<!--            <field name="padding">6</field>-->
<!--            <field name="number_next">1</field>-->
<!--            <field name="number_increment">1</field>-->
<!--            <field name="company_id" eval="False"/>-->
<!--        </record>-->
<!--  </data>-->
<!--</odoo>-->